City_ID,City,Country,Date,Lat,Lng,Max Temp,Humidity,Cloudiness,Wind Speed
0,Lima,PE,2021-10-26 00:34:02,-12.0432,-77.0282,62.91,80,75,8.05
1,Albany,US,2021-10-26 00:35:33,42.6001,-73.9662,56.52,90,100,4.45
2,Rikitea,PF,2021-10-26 00:38:54,-23.1203,-134.9692,75.63,71,100,18.14
3,Erenhot,CN,2021-10-26 00:38:54,43.6475,111.9767,39.51,49,0,6.69
4,Port Alfred,ZA,2021-10-26 00:37:49,-33.5906,26.891,62.01,87,10,14.34
5,Yar-Sale,RU,2021-10-26 00:38:55,66.8333,70.8333,19.56,90,92,5.01
6,Tasiilaq,GL,2021-10-26 00:38:55,65.6145,-37.6368,37.56,80,100,8.39
7,Gunjur,GM,2021-10-26 00:38:56,13.2019,-16.7339,78.87,89,40,0.0
8,Busselton,AU,2021-10-26 00:37:29,-33.65,115.3333,52.05,65,98,1.07
9,Jamestown,US,2021-10-26 00:37:35,42.097,-79.2353,60.12,92,20,1.99
10,Martin,US,2021-10-26 00:35:26,27.0837,-80.4164,82.96,90,100,9.46
11,Kuytun,RU,2021-10-26 00:38:57,54.3419,101.5036,40.69,62,82,7.07
12,Mahebourg,MU,2021-10-26 00:37:37,-20.4081,57.7,73.69,78,40,12.66
13,Ushuaia,AR,2021-10-26 00:37:09,-54.8,-68.3,35.26,80,20,18.41
14,Bethel,US,2021-10-26 00:34:38,41.3712,-73.414,66.99,90,90,1.01
15,Guerrero Negro,MX,2021-10-26 00:38:58,27.9769,-114.0611,66.99,75,0,17.34
16,Narsaq,GL,2021-10-26 00:38:59,60.9167,-46.05,39.42,46,3,7.56
17,Nikolskoye,RU,2021-10-26 00:37:37,59.7035,30.7861,44.49,89,100,9.48
18,Kapaa,US,2021-10-26 00:37:50,22.0752,-159.319,84.18,78,90,5.01
19,Pacific Grove,US,2021-10-26 00:34:08,36.6177,-121.9166,63.28,79,40,5.99
20,Zagra,RO,2021-10-26 00:39:00,47.3333,24.2833,37.56,63,0,2.73
21,Rapallo,IT,2021-10-26 00:39:00,44.3511,9.2297,55.76,65,5,7.0
22,Sotouboua,TG,2021-10-26 00:34:05,8.5667,0.9833,77.04,77,54,2.21
23,Sinnamary,GF,2021-10-26 00:38:48,5.3833,-52.95,77.38,91,99,10.02
24,Puerto Ayora,EC,2021-10-26 00:34:56,-0.7393,-90.3518,68.56,95,92,3.0
25,Castro,BR,2021-10-26 00:39:02,-24.7911,-50.0119,57.06,95,8,3.33
26,Mar Del Plata,AR,2021-10-26 00:39:02,-38.0023,-57.5575,57.87,75,0,4.0
27,Ribeira Grande,PT,2021-10-26 00:39:03,38.5167,-28.7,68.85,75,34,20.69
28,Cape Town,ZA,2021-10-26 00:36:54,-33.9258,18.4232,63.88,63,0,3.0
29,Nanchong,CN,2021-10-26 00:39:03,30.7951,106.0847,58.86,91,100,4.65
30,Fairbanks,US,2021-10-26 00:35:02,64.8378,-147.7164,31.1,90,90,4.61
31,Hilo,US,2021-10-26 00:34:35,19.7297,-155.09,89.28,79,75,11.5
32,Puerto Carreno,CO,2021-10-26 00:39:04,6.189,-67.4859,80.37,75,100,7.96
33,Lebu,CL,2021-10-26 00:38:18,-37.6167,-73.65,52.48,93,13,13.82
34,South Lake Tahoe,US,2021-10-26 00:34:32,38.9332,-119.9844,41.65,85,75,8.05
35,Chernyshevskiy,RU,2021-10-26 00:39:05,63.0128,112.4714,27.36,95,100,4.76
36,Provideniya,RU,2021-10-26 00:39:06,64.3833,-173.3,23.11,58,90,8.95
37,Sao Joao Da Barra,BR,2021-10-26 00:39:06,-21.6403,-41.0511,71.04,87,100,7.4
38,East London,ZA,2021-10-26 00:39:07,-33.0153,27.9116,63.45,82,100,8.48
39,Roros,NO,2021-10-26 00:39:07,62.5747,11.3842,39.04,87,100,3.44
40,Loukhi,RU,2021-10-26 00:39:08,66.0764,33.0381,31.17,98,100,7.18
41,Bilibino,RU,2021-10-26 00:39:08,68.0546,166.4372,-8.79,92,89,1.32
42,Batticaloa,LK,2021-10-26 00:39:09,7.7102,81.6924,77.79,86,48,9.8
43,Chokurdakh,RU,2021-10-26 00:39:09,70.6333,147.9167,-21.51,100,29,1.88
44,Vanimo,PG,2021-10-26 00:39:10,-2.6741,141.3028,85.78,66,25,6.4
45,Mataura,NZ,2021-10-26 00:34:54,-46.1927,168.8643,69.13,58,83,2.95
46,Kungurtug,RU,2021-10-26 00:39:10,50.5994,97.5228,29.08,66,18,1.79
47,Arraial Do Cabo,BR,2021-10-26 00:39:11,-22.9661,-42.0278,69.62,88,98,10.11
48,Mandra,GR,2021-10-26 00:39:11,38.0667,23.5,58.03,53,100,10.36
49,Carmen,MX,2021-10-26 00:39:12,18.6333,-91.8333,84.24,84,20,8.05
50,Okhotsk,RU,2021-10-26 00:39:12,59.3833,143.3,24.53,73,14,9.35
51,Pocone,BR,2021-10-26 00:39:13,-16.2567,-56.6228,77.65,66,81,1.28
52,Bandarbeyla,SO,2021-10-26 00:39:13,9.4942,50.8122,75.42,84,76,0.87
53,Geraldton,AU,2021-10-26 00:39:14,-28.7667,114.6,59.41,72,75,4.61
54,Linxia,CN,2021-10-26 00:39:14,35.6003,103.2064,37.58,98,100,3.53
55,Korla,CN,2021-10-26 00:39:15,41.7597,86.1469,45.21,44,0,3.36
56,Praia,CV,2021-10-26 00:39:15,14.9215,-23.5087,79.34,83,75,16.11
57,Bredasdorp,ZA,2021-10-26 00:37:36,-34.5322,20.0403,61.29,94,100,7.2
58,Damghan,IR,2021-10-26 00:39:16,36.1683,54.348,49.19,44,0,4.45
59,Hithadhoo,MV,2021-10-26 00:39:16,-0.6,73.0833,82.81,67,100,15.35
60,Mahon,ES,2021-10-26 00:39:17,39.8885,4.2658,59.56,88,0,8.05
61,Taltal,CL,2021-10-26 00:39:17,-25.4,-70.4833,58.28,83,36,1.66
62,Elk City,US,2021-10-26 00:39:18,35.412,-99.4043,70.29,46,1,5.75
63,Verkhoyansk,RU,2021-10-26 00:39:18,67.5447,133.385,-1.34,98,76,1.86
64,Georgetown,MY,2021-10-26 00:37:08,5.4112,100.3354,80.53,89,40,5.01
65,Asau,RO,2021-10-26 00:39:19,46.4333,26.4,33.28,67,0,2.64
66,Khandyga,RU,2021-10-26 00:39:20,62.6667,135.6,28.72,96,100,2.86
67,Hobart,AU,2021-10-26 00:39:20,-42.8794,147.3294,61.02,58,75,1.01
68,Vaini,TO,2021-10-26 00:37:47,-21.2,-175.2,80.76,74,20,11.5
69,Boa Vista,BR,2021-10-26 00:39:21,2.8197,-60.6733,80.58,69,40,10.36
70,Punta Arenas,CL,2021-10-26 00:39:21,-53.15,-70.9167,42.82,75,75,6.91
71,Avera,US,2021-10-26 00:39:22,33.194,-82.5271,72.91,84,18,10.45
72,Fortuna,US,2021-10-26 00:39:22,40.5982,-124.1573,59.67,70,90,9.22
73,Pemba,MZ,2021-10-26 00:39:23,-12.974,40.5178,75.9,94,40,3.44
74,North Branch,US,2021-10-26 00:39:24,45.5113,-92.9802,47.5,70,5,6.96
75,Yellowknife,CA,2021-10-26 00:35:03,62.456,-114.3525,43.41,94,90,6.91
76,Manthani,IN,2021-10-26 00:39:24,18.65,79.6667,66.85,76,3,3.4
77,Nuuk,GL,2021-10-26 00:39:14,64.1835,-51.7216,29.01,54,0,18.41
78,Faanui,PF,2021-10-26 00:37:58,-16.4833,-151.75,73.92,92,100,6.93
79,Tuktoyaktuk,CA,2021-10-26 00:39:25,69.4541,-133.0374,30.2,100,90,9.22
80,Avarua,CK,2021-10-26 00:39:26,-21.2078,-159.775,77.05,61,75,12.66
81,Airai,TL,2021-10-26 00:39:26,-8.9266,125.4092,75.97,34,67,2.62
82,Thompson,CA,2021-10-26 00:39:27,55.7435,-97.8558,35.76,80,40,3.44
83,Methoni,GR,2021-10-26 00:39:27,36.8197,21.7049,61.21,67,87,5.82
84,Catia La Mar,VE,2021-10-26 00:39:27,10.6038,-67.0303,77.2,83,20,3.44
85,Saint-Philippe,RE,2021-10-26 00:37:37,-21.3585,55.7679,72.95,81,38,13.58
86,Hay River,CA,2021-10-26 00:39:28,60.8156,-115.7999,42.78,81,75,6.91
87,Sisimiut,GL,2021-10-26 00:39:29,66.9395,-53.6735,16.81,67,0,12.59
88,Mayumba,GA,2021-10-26 00:37:30,-3.432,10.6554,76.41,90,100,7.02
89,Kibakwe,TZ,2021-10-26 00:39:30,-6.7167,36.3667,61.99,88,12,4.16
90,Kawalu,ID,2021-10-26 00:39:30,-7.3817,108.2082,76.73,79,100,3.04
91,Cidreira,BR,2021-10-26 00:37:47,-30.1811,-50.2056,64.8,80,0,9.31
92,Hermanus,ZA,2021-10-26 00:39:31,-34.4187,19.2345,61.81,86,100,12.68
93,Ponta Do Sol,PT,2021-10-26 00:39:31,32.6667,-17.1,70.43,66,1,6.31
94,Ancud,CL,2021-10-26 00:38:23,-41.8697,-73.8203,51.42,96,100,14.72
95,Manta,EC,2021-10-26 00:39:32,-0.95,-80.7333,74.98,83,75,5.75
96,Grand Gaube,MU,2021-10-26 00:36:17,-20.0064,57.6608,73.8,74,36,7.0
97,Coquimbo,CL,2021-10-26 00:39:33,-29.9533,-71.3436,58.73,88,90,3.44
98,Beringovskiy,RU,2021-10-26 00:39:33,63.05,179.3167,15.58,72,100,2.86
99,Talcahuano,CL,2021-10-26 00:39:33,-36.7167,-73.1167,58.68,77,0,12.66
100,Cheremushskiy,RU,2021-10-26 00:39:34,61.2731,47.2636,29.1,93,100,6.55
101,Russell,US,2021-10-26 00:39:34,32.3502,-85.1999,74.48,84,40,4.61
102,Carnarvon,AU,2021-10-26 00:39:35,-24.8667,113.6333,66.27,63,75,13.8
103,Muyezerskiy,RU,2021-10-26 00:39:35,63.9333,31.65,36.82,100,100,5.88
104,Saldanha,ZA,2021-10-26 00:38:23,-33.0117,17.9442,62.65,68,100,10.18
105,Lavrentiya,RU,2021-10-26 00:39:36,65.5833,-171.0,18.3,75,100,9.35
106,Borujerd,IR,2021-10-26 00:39:36,33.8973,48.7516,45.32,39,0,2.26
107,Praia Da Vitoria,PT,2021-10-26 00:39:37,38.7333,-27.0667,69.76,82,20,17.67
108,Stromness,GB,2021-10-26 00:39:37,58.965,-3.296,46.36,88,99,14.0
109,Upernavik,GL,2021-10-26 00:39:38,72.7868,-56.1549,15.28,59,7,5.55
110,Neka,IR,2021-10-26 00:39:38,36.6508,53.299,58.01,81,46,3.98
111,Barrow,US,2021-10-26 00:36:20,71.2906,-156.7887,24.82,86,90,13.8
112,Pisco,PE,2021-10-26 00:39:39,-13.7,-76.2167,61.02,82,0,17.27
113,Cherskiy,RU,2021-10-26 00:39:13,68.75,161.3,-7.38,92,100,2.04
114,Murgab,TM,2021-10-26 00:39:40,37.4966,61.9714,48.07,71,0,0.0
115,Hernani,ES,2021-10-26 00:39:40,43.2662,-1.9762,57.61,89,20,1.01
116,Marawi,PH,2021-10-26 00:39:41,7.9986,124.2928,71.65,69,100,2.68
117,Grindavik,IS,2021-10-26 00:39:41,63.8424,-22.4338,37.87,87,40,4.61
118,Chuy,UY,2021-10-26 00:39:42,-33.6971,-53.4616,59.81,79,0,6.55
119,Husavik,IS,2021-10-26 00:39:42,66.0449,-17.3389,26.51,78,91,7.27
120,Pevek,RU,2021-10-26 00:39:43,69.7008,170.3133,1.51,93,100,3.71
121,Broome,US,2021-10-26 00:39:43,42.2506,-75.833,63.93,74,1,1.99
122,Makungu,TZ,2021-10-26 00:39:44,-8.7333,35.2833,57.76,72,83,1.45
123,Yamada,JP,2021-10-26 00:39:44,39.4667,141.95,54.97,93,100,5.66
124,Pyu,MM,2021-10-26 00:39:45,18.4833,96.4333,75.34,93,6,2.08
125,Whitehorse,CA,2021-10-26 00:39:45,60.7161,-135.0538,31.01,80,75,8.99
126,Akyab,MM,2021-10-26 00:39:46,20.15,92.9,77.2,86,33,5.03
127,Usinsk,RU,2021-10-26 00:39:46,65.9939,57.5281,13.55,90,88,9.6
128,Olafsvik,IS,2021-10-26 00:39:47,64.8945,-23.7142,36.72,70,19,7.7
129,Shache,CN,2021-10-26 00:39:47,38.4167,77.2406,44.55,38,9,1.68
130,Baijiantan,CN,2021-10-26 00:39:48,45.6333,85.1833,38.88,37,0,1.07
131,Isangel,VU,2021-10-26 00:39:48,-19.55,169.2667,84.31,70,75,16.11
132,Buala,SB,2021-10-26 00:39:49,-8.145,159.5921,86.05,66,94,9.62
133,Bambous Virieux,MU,2021-10-26 00:39:09,-20.3428,57.7575,73.65,78,40,12.66
134,Palmer,US,2021-10-26 00:39:49,42.1584,-72.3287,54.14,83,90,1.99
135,Foumban,CM,2021-10-26 00:39:50,5.7291,10.9001,63.68,94,100,2.53
136,Butaritari,KI,2021-10-26 00:39:51,3.0707,172.7902,81.9,74,2,6.51
137,Leh,IN,2021-10-26 00:39:11,34.1667,77.5833,25.59,71,7,2.55
138,Sioux Lookout,CA,2021-10-26 00:39:51,50.1001,-91.917,35.98,86,20,2.3
139,Camana,PE,2021-10-26 00:39:52,-16.6228,-72.7111,63.0,77,0,4.72
140,Asyut,EG,2021-10-26 00:39:52,27.181,31.1837,67.06,54,0,8.05
141,Gat,IL,2021-10-26 00:39:09,31.61,34.7642,67.41,86,0,3.4
142,Atuona,PF,2021-10-26 00:39:53,-9.8,-139.0333,78.1,72,25,17.11
143,Labytnangi,RU,2021-10-26 00:39:53,66.6572,66.4183,12.27,87,16,7.63
144,Aniva,RU,2021-10-26 00:39:54,46.7144,142.5294,50.11,70,0,9.84
145,Mitu,CO,2021-10-26 00:39:54,1.1983,-70.1733,70.9,99,100,1.81
146,Qaanaaq,GL,2021-10-26 00:39:55,77.484,-69.3632,4.21,62,100,14.85
147,Nizhniy Kuranakh,RU,2021-10-26 00:39:35,58.8353,125.4869,33.78,93,100,8.99
148,Nadvoitsy,RU,2021-10-26 00:39:55,63.8667,34.3167,34.99,99,100,4.0
149,Katsuura,JP,2021-10-26 00:39:56,35.1333,140.3,59.14,88,100,28.1
150,Boden,SE,2021-10-26 00:39:56,65.8252,21.6886,32.0,100,100,0.76
151,Taoudenni,ML,2021-10-26 00:39:57,22.6783,-3.9836,84.94,17,100,9.31
152,Poyarkovo,RU,2021-10-26 00:39:57,49.6,128.6833,46.18,57,9,7.02
153,Daru,PG,2021-10-26 00:39:58,-9.0763,143.2092,83.79,77,91,12.26
154,Gigmoto,PH,2021-10-26 00:39:58,13.7796,124.39,83.25,77,100,10.29
155,Lorengau,PG,2021-10-26 00:37:31,-2.0226,147.2712,85.39,65,96,6.11
156,Klyuchi,RU,2021-10-26 00:39:59,52.2667,79.1667,45.05,44,100,12.37
157,Maragogi,BR,2021-10-26 00:39:28,-9.0122,-35.2225,77.5,75,100,10.54
158,Kaitangata,NZ,2021-10-26 00:37:40,-46.2817,169.8464,56.12,78,100,7.54
159,Fort Nelson,CA,2021-10-26 00:37:51,58.8053,-122.7002,29.79,100,90,0.0
160,Karasjok,NO,2021-10-26 00:40:00,69.4719,25.5112,24.91,96,100,11.16
161,Aqtobe,KZ,2021-10-26 00:38:30,50.2797,57.2072,35.69,93,90,13.42
162,Dikson,RU,2021-10-26 00:38:04,73.5069,80.5464,13.68,84,100,15.75
163,Beyneu,KZ,2021-10-26 00:40:01,45.3167,55.2,48.04,47,100,14.76
164,Half Moon Bay,US,2021-10-26 00:40:02,37.4636,-122.4286,62.87,76,20,1.99
165,Coihaique,CL,2021-10-26 00:40:03,-45.5752,-72.0662,46.35,87,90,4.61
166,Warrington,GB,2021-10-26 00:40:04,53.3925,-2.5802,49.98,93,100,1.01
167,Kaeo,NZ,2021-10-26 00:40:05,-35.1,173.7833,75.33,78,3,7.11
168,Sikonge,TZ,2021-10-26 00:40:05,-5.6333,32.7667,70.43,48,100,6.6
169,Selaphum,TH,2021-10-26 00:40:06,16.0299,103.9383,71.51,78,29,11.54
170,Touros,BR,2021-10-26 00:40:07,-5.1989,-35.4608,81.5,61,100,17.56
171,Lucapa,AO,2021-10-26 00:40:08,-8.4192,20.7447,64.27,91,77,1.5
172,Meulaboh,ID,2021-10-26 00:40:08,4.1363,96.1285,77.02,85,63,3.29
173,Sola,VU,2021-10-26 00:37:35,-13.8833,167.55,86.67,74,24,3.44
174,Tigil,RU,2021-10-26 00:40:09,57.8,158.6667,34.32,96,100,14.72
175,Mandera,KE,2021-10-26 00:40:09,3.9366,41.867,79.79,68,12,13.18
176,Ankang,CN,2021-10-26 00:37:50,32.68,109.0172,57.52,92,100,1.12
177,Roald,NO,2021-10-26 00:40:10,62.5833,6.1333,48.34,81,100,10.36
178,Deshnok,IN,2021-10-26 00:40:11,27.7986,73.3447,69.96,54,0,5.75
179,Mahanoro,MG,2021-10-26 00:40:11,-19.9,48.8,72.27,84,100,1.79
180,Xining,CN,2021-10-26 00:40:12,36.6167,101.7667,35.24,89,99,3.4
181,Sitka,US,2021-10-26 00:37:33,57.0531,-135.33,46.29,76,75,0.0
182,Tiksi,RU,2021-10-26 00:37:34,71.6872,128.8694,0.72,97,99,4.45
183,Egvekinot,RU,2021-10-26 00:40:13,66.3167,-179.1667,2.66,85,12,4.76
184,Vila Franca Do Campo,PT,2021-10-26 00:40:12,37.7167,-25.4333,68.41,81,8,6.93
185,Mitsamiouli,KM,2021-10-26 00:40:13,-11.3847,43.2844,79.32,76,56,15.21
186,Saint-Joseph,RE,2021-10-26 00:40:08,-21.3667,55.6167,71.96,77,38,12.37
187,Aksu,CN,2021-10-26 00:40:14,41.1231,80.2644,44.24,47,6,2.55
188,Damietta,EG,2021-10-26 00:40:15,31.4165,31.8133,70.77,72,0,8.32
189,Banes,CU,2021-10-26 00:40:15,20.9625,-75.7186,83.01,83,24,5.88
190,Cayenne,GF,2021-10-26 00:40:15,4.9333,-52.3333,78.1,90,75,1.01
191,Torbay,CA,2021-10-26 00:35:32,47.6666,-52.7314,40.26,81,90,8.05
192,Mayo,US,2021-10-26 00:40:16,38.8876,-76.5119,67.24,94,90,1.01
193,New Norfolk,AU,2021-10-26 00:40:17,-42.7826,147.0587,60.66,36,2,2.37
194,Salalah,OM,2021-10-26 00:39:40,17.0151,54.0924,73.49,73,77,3.44
195,Marsh Harbour,BS,2021-10-26 00:40:17,26.5412,-77.0636,81.25,76,100,12.12
196,Beaumont,US,2021-10-26 00:39:51,30.0861,-94.1019,78.78,100,40,5.75
197,Umm Kaddadah,SD,2021-10-26 00:40:18,13.6017,26.6876,80.83,21,55,17.67
198,Hasaki,JP,2021-10-26 00:39:18,35.7333,140.8333,59.4,85,100,34.56
199,Udachnyy,RU,2021-10-26 00:40:11,66.4167,112.4,12.06,96,76,4.7
200,Guangyuan,CN,2021-10-26 00:39:15,32.442,105.823,55.49,99,100,7.87
201,Urumqi,CN,2021-10-26 00:40:19,43.801,87.6005,32.95,64,0,4.47
202,Arvika,SE,2021-10-26 00:40:20,59.6553,12.5852,50.61,92,96,9.17
203,El Alto,PE,2021-10-26 00:40:20,-4.2714,-81.2147,64.54,80,100,9.8
204,Dunedin,NZ,2021-10-26 00:39:11,-45.8742,170.5036,59.81,72,93,8.01
205,Victoria,HK,2021-10-26 00:36:20,22.2855,114.1577,76.32,75,100,1.99
206,Belyy Yar,RU,2021-10-26 00:40:21,53.6039,91.3903,44.49,70,0,4.47
207,Iquique,CL,2021-10-26 00:40:22,-20.2208,-70.1431,60.84,70,1,0.81
208,Novhorodka,UA,2021-10-26 00:40:22,48.3651,32.6578,28.51,66,2,4.54
209,Valle Hermoso,MX,2021-10-26 00:40:23,25.6667,-97.8333,86.32,80,100,11.05
210,Yulara,AU,2021-10-26 00:40:23,-25.2406,130.9889,85.84,32,0,9.22
211,Hamilton,US,2021-10-26 00:39:58,39.1834,-84.5333,54.37,93,90,1.99
212,Kodiak,US,2021-10-26 00:40:24,57.79,-152.4072,40.41,90,100,10.09
213,Harper,LR,2021-10-26 00:40:25,4.375,-7.7169,77.0,83,100,7.78
214,Cabo San Lucas,MX,2021-10-26 00:38:55,22.8909,-109.9124,83.52,65,1,12.66
215,Galegos,PT,2021-10-26 00:40:25,41.5627,-8.572,57.42,82,0,3.74
216,Nanortalik,GL,2021-10-26 00:40:26,60.1432,-45.2371,34.43,62,62,11.81
217,Auch,FR,2021-10-26 00:40:26,43.65,0.5833,56.25,94,11,3.0
218,Evensk,RU,2021-10-26 00:40:27,61.95,159.2333,18.72,76,1,4.36
219,Seoul,KR,2021-10-26 00:40:00,37.5683,126.9778,54.84,82,20,1.14
220,Saint-Pierre,RE,2021-10-26 00:40:05,-21.3393,55.4781,73.04,78,0,4.61
221,Adrar,MR,2021-10-26 00:40:28,20.5022,-10.0711,79.05,17,71,12.08
222,Kalaleh,IR,2021-10-26 00:40:28,37.3807,55.4916,56.8,82,90,0.0
223,Tecoanapa,MX,2021-10-26 00:40:29,16.5167,-98.75,80.04,84,100,4.99
224,Constitucion,CL,2021-10-26 00:39:36,-35.3333,-72.4167,58.24,76,84,14.5
225,Omsukchan,RU,2021-10-26 00:40:30,62.5333,155.8,9.88,93,46,1.66
226,Padang,ID,2021-10-26 00:39:33,-0.9492,100.3543,79.77,82,83,3.71
227,Balma,FR,2021-10-26 00:40:30,43.6111,1.4994,56.25,91,0,4.61
228,Dudinka,RU,2021-10-26 00:40:31,69.4058,86.1778,14.83,96,100,8.66
229,Tawang,IN,2021-10-26 00:40:31,27.5833,91.8667,44.33,71,3,1.95
230,Lompoc,US,2021-10-26 00:36:13,34.6391,-120.4579,64.56,77,20,16.11
231,Genhe,CN,2021-10-26 00:40:32,50.7833,121.5167,36.68,71,20,3.2
232,Starkville,US,2021-10-26 00:39:34,33.4504,-88.8184,67.66,72,1,3.44
233,Kristinehamn,SE,2021-10-26 00:40:33,59.3098,14.1081,50.56,89,100,13.65
234,Pyaozerskiy,RU,2021-10-26 00:40:33,65.8333,31.1667,30.27,98,100,4.61
235,Zykovo,RU,2021-10-26 00:40:33,55.9519,93.1461,43.54,79,90,8.55
236,Arlit,NE,2021-10-26 00:38:34,18.7369,7.3853,82.53,12,0,6.04
237,Solnechnyy,RU,2021-10-26 00:40:23,50.7214,136.6319,44.87,62,91,5.46
238,Pionerskiy,RU,2021-10-26 00:40:34,54.9508,20.2275,39.04,71,100,14.92
239,Terme,TR,2021-10-26 00:40:35,41.2092,36.9739,53.96,71,91,1.72
240,Tamandare,BR,2021-10-26 00:40:35,-8.7597,-35.1047,77.05,76,76,9.48
241,Namibe,AO,2021-10-26 00:38:39,-15.1961,12.1522,62.46,80,39,6.42
242,Port Elizabeth,ZA,2021-10-26 00:40:36,-33.918,25.5701,63.1,88,0,10.36
243,Baykalsk,RU,2021-10-26 00:40:37,51.5058,104.1469,43.27,60,14,6.98
244,Mizan Teferi,ET,2021-10-26 00:40:37,6.9833,35.5833,62.11,71,72,3.4
245,Del Rio,US,2021-10-26 00:40:38,29.3627,-100.8968,91.51,50,1,10.36
246,Shirokiy,RU,2021-10-26 00:40:38,49.758,129.523,43.9,67,77,6.51
247,Eyl,SO,2021-10-26 00:40:39,7.9803,49.8164,77.0,84,59,5.19
248,Kropotkin,RU,2021-10-26 00:40:39,45.4375,40.5756,37.56,70,21,7.18
249,Bathsheba,BB,2021-10-26 00:38:27,13.2167,-59.5167,83.01,74,40,21.85
250,Gazojak,TM,2021-10-26 00:40:40,41.1875,61.4036,51.75,35,5,8.7
251,Mnogovershinnyy,RU,2021-10-26 00:40:41,53.9353,139.9242,39.63,72,19,3.89
252,Kassala,SD,2021-10-26 00:40:41,15.451,36.4,83.07,54,0,5.91
253,Sambava,MG,2021-10-26 00:40:41,-14.2667,50.1667,73.78,80,12,9.13
254,Souillac,MU,2021-10-26 00:40:42,-20.5167,57.5167,73.78,78,40,12.66
255,Luderitz,NA,2021-10-26 00:40:42,-26.6481,15.1594,56.26,91,6,5.3
256,Kapit,MY,2021-10-26 00:40:43,2.0167,112.9333,81.09,83,73,1.28
257,Muros,ES,2021-10-26 00:40:43,42.7762,-9.0603,60.84,96,0,6.38
258,Sistranda,NO,2021-10-26 00:40:44,63.7256,8.834,49.89,81,100,7.99
259,Bermeo,ES,2021-10-26 00:40:44,43.4209,-2.7215,57.63,86,44,6.76
260,Abilene,US,2021-10-26 00:40:45,32.4487,-99.7331,84.45,45,1,8.05
261,Qingdao,CN,2021-10-26 00:40:45,36.0986,120.3719,55.0,82,98,2.24
262,Kahului,US,2021-10-26 00:39:00,20.8947,-156.47,84.22,71,20,25.32
263,Hami,CN,2021-10-26 00:40:46,42.8,93.45,46.15,34,0,7.96
264,Severo-Kurilsk,RU,2021-10-26 00:38:58,50.6789,156.125,46.63,77,59,14.63
265,Olga,RU,2021-10-26 00:40:47,43.7444,135.2892,54.41,51,0,1.92
266,Belmonte,BR,2021-10-26 00:37:49,-15.8631,-38.8828,79.3,93,100,6.15
267,General Jose Eduvigis Diaz,PY,2021-10-26 00:40:47,-27.1667,-58.4167,71.02,52,0,5.03
268,Arnprior,CA,2021-10-26 00:39:24,45.4334,-76.3494,43.03,88,100,11.59
269,Kavieng,PG,2021-10-26 00:37:45,-2.5744,150.7967,84.02,69,43,4.81
270,Miraflores,MX,2021-10-26 00:40:48,19.2167,-98.8083,67.03,88,87,3.49
271,Saskylakh,RU,2021-10-26 00:38:21,71.9167,114.0833,-1.52,98,100,2.39
272,Matagami,CA,2021-10-26 00:40:49,49.7502,-77.6328,37.51,81,90,6.91
273,Ilfracombe,GB,2021-10-26 00:40:49,51.2093,-4.1134,55.9,89,100,7.0
274,Zhuhai,CN,2021-10-26 00:40:50,22.2769,113.5678,76.98,73,20,17.27
275,Sept-Iles,CA,2021-10-26 00:40:44,50.2001,-66.3821,40.05,91,1,1.01
276,Lahaina,US,2021-10-26 00:36:55,20.8783,-156.6825,84.2,79,1,9.42
277,Ganta,LR,2021-10-26 00:40:51,7.3022,-8.5308,70.02,100,100,2.28
278,Caravelas,BR,2021-10-26 00:40:52,-17.7125,-39.2481,75.42,93,100,4.21
279,Honningsvag,NO,2021-10-26 00:40:52,70.9821,25.9704,33.84,79,100,20.96
280,Jatai,BR,2021-10-26 00:40:53,-17.8814,-51.7144,72.25,68,49,1.45
281,Venice,US,2021-10-26 00:40:53,27.0998,-82.4543,82.42,90,95,5.01
282,Muroto,JP,2021-10-26 00:40:54,33.2833,134.15,68.04,65,0,3.71
283,Hokitika,NZ,2021-10-26 00:40:54,-42.7167,170.9667,56.89,94,100,5.1
284,Ulladulla,AU,2021-10-26 00:38:02,-35.35,150.4667,66.78,55,44,9.28
285,Kapoeta,SS,2021-10-26 00:40:55,4.7717,33.5903,80.8,47,100,13.76
286,Carutapera,BR,2021-10-26 00:40:55,-1.195,-46.02,80.17,77,6,8.19
287,Xacmaz,AZ,2021-10-26 00:40:56,41.4635,48.806,45.0,85,100,15.41
288,Faya,SA,2021-10-26 00:40:56,18.3851,42.4509,57.31,74,0,1.43
289,Bluff,NZ,2021-10-26 00:37:32,-46.6,168.3333,54.01,88,99,10.49
290,Bull Savanna,JM,2021-10-26 00:40:57,17.8868,-77.5902,78.01,75,51,8.28
291,Komsomolskiy,UZ,2021-10-26 00:40:57,40.4272,71.7189,45.32,49,8,4.61
292,Pangai,TO,2021-10-26 00:40:58,-19.8,-174.35,80.71,54,20,12.66
293,Qaqortoq,GL,2021-10-26 00:39:57,60.7167,-46.0333,39.7,45,20,8.08
294,Pitimbu,BR,2021-10-26 00:40:59,-7.4706,-34.8086,81.19,68,100,12.86
295,Los Llanos De Aridane,ES,2021-10-26 00:40:59,28.6585,-17.9182,65.95,83,0,4.0
296,Kashi,CN,2021-10-26 00:41:00,39.4547,75.9797,43.81,45,0,8.95
297,Kattivakkam,IN,2021-10-26 00:41:00,13.2167,80.3167,78.89,69,77,7.09
298,Hof,DE,2021-10-26 00:41:01,50.3167,11.9167,45.5,83,94,4.0
299,Maarianhamina,AX,2021-10-26 00:41:01,60.0973,19.9348,46.26,87,0,6.91
300,Inta,RU,2021-10-26 00:41:02,66.0317,60.1659,15.64,87,100,16.33
301,Mandalgovi,MN,2021-10-26 00:41:03,45.7625,106.2708,33.33,54,0,3.91
302,San Juan,AR,2021-10-26 00:41:03,-31.5375,-68.5364,83.64,9,28,14.41
303,Otane,NZ,2021-10-26 00:41:03,-39.8833,176.6333,74.39,52,51,6.98
304,Broken Hill,AU,2021-10-26 00:41:04,-31.95,141.4333,69.51,18,0,9.22
305,Siderno,IT,2021-10-26 00:41:04,38.2779,16.302,64.58,92,100,18.01
306,Norman Wells,CA,2021-10-26 00:41:05,65.282,-126.8329,23.04,93,90,4.61
307,Frata,RO,2021-10-26 00:41:05,46.7,24.05,29.12,54,0,2.71
308,Krasnoselkup,RU,2021-10-26 00:37:23,65.7,82.4667,15.19,93,98,8.28
309,Port Hardy,CA,2021-10-26 00:41:06,50.6996,-127.4199,51.8,87,90,10.36
310,Boshnyakovo,RU,2021-10-26 00:41:06,49.6333,142.1667,48.15,61,31,8.37
311,Amapa,BR,2021-10-26 00:41:07,1.0,-52.0,77.67,78,52,4.97
312,Capim Grosso,BR,2021-10-26 00:41:07,-11.3811,-40.0128,75.58,73,100,12.44
313,Klyuchevskiy,RU,2021-10-26 00:41:08,53.5317,119.4519,35.65,55,0,3.53
314,Virginia Beach,US,2021-10-26 00:37:15,36.8529,-75.978,70.0,91,75,8.05
315,Soure,BR,2021-10-26 00:37:42,-0.7167,-48.5233,81.09,82,13,11.23
316,Klaksvik,FO,2021-10-26 00:38:22,62.2266,-6.589,43.72,74,100,5.82
317,Pontianak,ID,2021-10-26 00:41:09,-0.0333,109.3333,78.78,88,40,3.44
318,Tacoronte,ES,2021-10-26 00:41:09,28.4769,-16.4102,68.81,77,90,8.99
319,Kvareli,GE,2021-10-26 00:41:10,41.9524,45.8151,42.3,56,3,5.53
320,Sorland,NO,2021-10-26 00:41:11,67.667,12.6934,48.6,90,100,18.3
321,Morant Bay,JM,2021-10-26 00:41:11,17.8815,-76.4093,82.02,79,23,7.58
322,Corner Brook,CA,2021-10-26 00:41:11,48.9667,-57.9484,41.13,73,100,5.46
323,Linares,CL,2021-10-26 00:38:26,-35.85,-71.6,63.18,56,27,10.0
324,Raudeberg,NO,2021-10-26 00:41:12,61.9875,5.1352,47.07,92,94,4.0
325,Santa Cruz,BO,2021-10-26 00:41:13,-17.8,-63.1667,69.26,78,100,4.61
326,Kaoma,ZM,2021-10-26 00:41:13,-14.7833,24.8,75.29,37,99,4.68
327,Mahajanga,MG,2021-10-26 00:41:14,-15.7167,46.3167,75.22,69,40,4.61
328,Kabare,CD,2021-10-26 00:41:14,-2.4683,28.8242,60.13,87,42,2.91
329,Hirara,JP,2021-10-26 00:41:15,24.8,125.2833,78.66,61,20,12.66
330,Longyearbyen,SJ,2021-10-26 00:41:15,78.2186,15.6401,17.44,62,0,12.66
331,Payson,US,2021-10-26 00:41:16,40.0444,-111.7321,66.99,44,90,14.97
332,Saint Anthony,US,2021-10-26 00:37:54,45.0205,-93.218,47.89,58,1,1.99
333,Bengkulu,ID,2021-10-26 00:37:43,-3.8004,102.2655,77.59,83,100,2.53
334,Port Lincoln,AU,2021-10-26 00:40:10,-34.7333,135.8667,72.68,39,100,17.05
335,Nabire,ID,2021-10-26 00:41:17,-3.3667,135.4833,84.69,70,69,2.46
336,Belaya Gora,RU,2021-10-26 00:41:17,68.5333,146.4167,0.1,94,98,1.63
337,Hofn,IS,2021-10-26 00:41:18,64.2539,-15.2082,40.42,75,93,2.08
338,Tarko-Sale,RU,2021-10-26 00:41:18,64.9225,77.785,24.24,88,100,7.67
339,Port Macquarie,AU,2021-10-26 00:41:19,-31.4333,152.9167,71.89,59,60,7.4
340,San Clemente,US,2021-10-26 00:41:19,33.427,-117.612,60.42,93,100,1.01
341,Zhigansk,RU,2021-10-26 00:41:20,66.7697,123.3711,23.67,96,100,13.6
342,Kuusamo,FI,2021-10-26 00:41:20,65.9667,29.1833,28.44,100,90,5.75
343,Sawtell,AU,2021-10-26 00:41:21,-30.3833,153.1,75.52,72,38,13.8
344,Kisanga,TZ,2021-10-26 00:41:21,-7.4362,37.7034,72.46,82,100,2.93
345,Saint George,US,2021-10-26 00:38:58,37.1041,-113.5841,77.47,29,1,3.0
346,Piacabucu,BR,2021-10-26 00:41:22,-10.4056,-36.4344,79.2,72,100,12.03
347,Necochea,AR,2021-10-26 00:41:22,-38.5473,-58.7368,53.04,61,38,7.31
348,Praya,CV,2021-10-26 00:41:23,14.9215,-23.5087,79.34,83,75,16.11
349,Vardo,NO,2021-10-26 00:41:23,70.3705,31.1107,35.91,64,100,20.49
350,Kurumkan,RU,2021-10-26 00:41:24,54.3,110.3,35.74,92,100,5.26
351,Lata,PT,2021-10-26 00:37:42,40.1629,-8.3327,58.82,89,0,3.56
352,Amberley,US,2021-10-26 00:36:53,39.2048,-84.428,53.69,91,90,3.0
353,Taree,AU,2021-10-26 00:41:25,-31.9,152.4667,73.11,60,40,8.05
354,Goderich,CA,2021-10-26 00:41:26,43.7501,-81.7165,43.92,87,100,18.41
355,Kenai,US,2021-10-26 00:41:26,60.5544,-151.2583,41.02,72,20,6.91
356,Khatanga,RU,2021-10-26 00:41:27,71.9667,102.5,4.32,96,100,5.93
357,Kosovska Mitrovica,XK,2021-10-26 00:41:27,42.8833,20.8667,40.21,86,0,3.36
358,Westport,US,2021-10-26 00:41:27,41.1415,-73.3579,71.35,92,90,8.99
359,Howard Springs,AU,2021-10-26 00:41:28,-12.497,131.047,91.87,68,21,1.92
360,Abnub,EG,2021-10-26 00:41:29,27.2696,31.1511,66.42,55,0,7.23
361,Anyksciai,LT,2021-10-26 00:41:29,55.5256,25.1026,38.7,74,100,10.58
362,Gamboma,CG,2021-10-26 00:41:30,-1.8764,15.8644,71.17,93,100,2.13
363,Muriwai Beach,NZ,2021-10-26 00:41:30,-36.8167,174.45,72.86,82,80,5.08
364,Lazurne,UA,2021-10-26 00:41:31,46.084,32.5295,44.69,60,0,9.19
365,Kathmandu,NP,2021-10-26 00:40:46,27.7167,85.3167,61.02,94,75,2.3
366,Bartlesville,US,2021-10-26 00:38:30,36.7473,-95.9808,57.76,81,1,3.44
367,Talnakh,RU,2021-10-26 00:38:27,69.4865,88.3972,15.24,96,100,6.11
368,Alice Springs,AU,2021-10-26 00:41:32,-23.7,133.8833,87.35,35,0,14.97
369,Moerai,PF,2021-10-26 00:41:32,-22.4333,-151.3333,73.06,74,100,20.04
370,Kudahuvadhoo,MV,2021-10-26 00:38:22,2.6708,72.8944,82.9,74,100,16.82
371,Petrykiv,UA,2021-10-26 00:41:33,49.5332,25.5809,38.48,59,8,11.77
372,Kearney,US,2021-10-26 00:41:34,40.6995,-99.0815,47.32,93,90,14.97
373,Nome,US,2021-10-26 00:37:40,64.5011,-165.4064,26.67,69,75,14.97
374,Yemelyanovo,RU,2021-10-26 00:41:34,56.1681,92.6767,43.61,65,0,11.18
375,Camacha,PT,2021-10-26 00:41:35,33.0833,-16.3333,66.96,73,40,8.05
376,Raahe,FI,2021-10-26 00:41:35,64.6833,24.4833,43.02,96,100,13.71
377,Eenhana,NA,2021-10-26 00:41:36,-17.4667,16.3333,71.35,26,17,3.33
378,High Level,CA,2021-10-26 00:40:08,58.5169,-117.136,39.31,100,90,8.05
379,Xichang,CN,2021-10-26 00:41:36,27.8964,102.2634,58.3,84,100,2.68
380,Susehri,TR,2021-10-26 00:41:37,40.1644,38.0867,33.37,81,14,1.99
381,San Quintin,MX,2021-10-26 00:39:10,30.4833,-115.95,65.59,72,61,11.23
382,Bonavista,CA,2021-10-26 00:41:38,48.6499,-53.1147,41.11,65,96,15.37
383,Port Hedland,AU,2021-10-26 00:41:38,-20.3167,118.5667,86.05,45,1,11.5
384,Vila Velha,BR,2021-10-26 00:40:55,-20.3297,-40.2925,73.35,83,75,10.36
385,Lagoa,PT,2021-10-26 00:41:39,39.05,-27.9833,67.08,73,0,11.52
386,Doha,QA,2021-10-26 00:41:39,25.2867,51.5333,82.38,50,0,6.91
387,Sayyan,YE,2021-10-26 00:41:40,15.1718,44.3244,52.47,23,0,2.68
388,Vostok,RU,2021-10-26 00:41:40,46.4856,135.8833,47.91,51,0,2.66
389,Kaihua,CN,2021-10-26 00:41:41,23.3687,104.28,59.02,92,100,6.44
390,Lakes Entrance,AU,2021-10-26 00:41:41,-37.8811,147.981,61.16,66,37,6.6
391,Sovetskiy,RU,2021-10-26 00:41:41,61.3614,63.5842,25.25,74,20,9.22
392,Moron,AR,2021-10-26 00:41:42,-34.6534,-58.6198,71.94,41,6,5.84
393,Ust-Tsilma,RU,2021-10-26 00:40:09,65.441,52.1498,17.22,97,75,3.87
394,Tsarychanka,UA,2021-10-26 00:41:43,48.937,34.4786,33.53,63,0,3.47
395,Matara,LK,2021-10-26 00:41:43,5.9485,80.5353,77.45,88,100,8.37
396,Voi,KE,2021-10-26 00:41:44,-3.3945,38.563,69.55,89,78,4.59
397,Kamina,CD,2021-10-26 00:41:44,-8.7386,24.9906,63.86,96,100,4.32
398,Chalmette,US,2021-10-26 00:41:45,29.9427,-89.9634,82.99,72,1,1.01
399,Abha,SA,2021-10-26 00:41:45,18.2164,42.5053,57.02,67,0,0.0
400,Leningradskiy,RU,2021-10-26 00:41:46,69.3833,178.4167,9.73,94,100,16.28
401,Yerbogachen,RU,2021-10-26 00:41:46,61.2767,108.0108,31.78,98,100,7.74
402,Labuan,MY,2021-10-26 00:41:47,5.2767,115.2417,80.96,88,20,1.99
403,Jinchang,CN,2021-10-26 00:39:06,38.4953,102.1739,43.93,57,100,0.63
404,Hambantota,LK,2021-10-26 00:41:47,6.1241,81.1185,75.54,100,75,2.3
405,Bousso,TD,2021-10-26 00:41:48,10.4795,16.7117,78.55,64,11,5.06
406,Kendari,ID,2021-10-26 00:41:48,-3.945,122.4989,85.26,67,50,5.21
407,Acapulco,MX,2021-10-26 00:41:21,16.8634,-99.8901,80.42,83,90,0.0
408,Adre,TD,2021-10-26 00:41:49,13.4667,22.2,74.98,24,100,9.64
409,Aasiaat,GL,2021-10-26 00:41:49,68.7098,-52.8699,3.88,95,79,5.03
410,Selma,US,2021-10-26 00:41:50,36.5708,-119.6121,60.53,90,23,5.1
411,Tadine,NC,2021-10-26 00:41:50,-21.55,167.8833,77.23,70,5,12.53
412,Visby,SE,2021-10-26 00:41:51,57.6409,18.296,47.86,93,75,8.05
413,Turukhansk,RU,2021-10-26 00:41:51,65.8167,87.9833,14.95,96,98,6.87
414,Moussoro,TD,2021-10-26 00:41:52,13.6408,16.4901,85.26,14,3,10.92
415,Petatlan,MX,2021-10-26 00:41:52,17.5167,-101.2667,80.4,93,100,3.15
416,Lexington,US,2021-10-26 00:38:50,37.9887,-84.4777,52.95,84,90,1.01
417,Nuqui,CO,2021-10-26 00:41:53,5.7125,-77.2708,77.76,88,99,4.61
418,Talaya,RU,2021-10-26 00:41:53,61.3833,152.75,7.3,85,36,0.18
419,Cacapava Do Sul,BR,2021-10-26 00:41:54,-30.5122,-53.4914,56.39,78,0,2.91
420,Aden,YE,2021-10-26 00:41:54,12.7794,45.0367,83.79,63,6,13.29
421,Alofi,NU,2021-10-26 00:41:55,-19.0595,-169.9187,82.29,61,75,14.97
422,Majdanpek,RS,2021-10-26 00:41:55,44.4277,21.946,43.18,77,0,11.14
423,Jackson,US,2021-10-26 00:40:13,42.4165,-122.8345,57.15,63,75,8.05
424,Sidney,AU,2021-10-26 00:38:31,-33.8679,151.2073,71.55,57,75,3.0
425,Tula,RU,2021-10-26 00:41:57,54.2044,37.6111,31.3,74,86,11.25
426,Asfi,MA,2021-10-26 00:41:57,32.2994,-9.2372,66.49,88,80,9.1
427,Linfen,CN,2021-10-26 00:41:58,36.0889,111.5189,59.81,57,100,4.99
428,Sladkovo,RU,2021-10-26 00:41:58,55.5284,70.3385,36.7,97,100,10.83
429,Rawah,IQ,2021-10-26 00:41:59,34.4816,41.9093,65.66,35,69,4.92
430,Piranhas,BR,2021-10-26 00:41:59,-16.4269,-51.8222,76.87,64,32,5.41
431,Esperance,AU,2021-10-26 00:41:39,-33.8667,121.9,55.24,63,59,5.7
432,Alyangula,AU,2021-10-26 00:42:00,-13.8483,136.4192,89.47,58,90,5.75
433,Ambulu,ID,2021-10-26 00:42:00,-8.345,113.6058,82.92,64,78,3.91
434,Diapaga,BF,2021-10-26 00:42:01,12.0708,1.7889,79.57,47,68,5.46
435,Juneau,US,2021-10-26 00:42:01,58.3019,-134.4197,42.85,92,90,0.0
436,Pundaguitan,PH,2021-10-26 00:42:02,6.3711,126.1689,82.11,76,96,4.59
437,Rio Gallegos,AR,2021-10-26 00:42:03,-51.6226,-69.2181,42.85,49,0,6.91
438,Andenes,NO,2021-10-26 00:42:03,69.3143,16.1194,37.08,93,90,4.61
439,Ugoofaaru,MV,2021-10-26 00:42:04,5.6667,73.0,81.43,79,100,10.8
440,Cankuzo,BI,2021-10-26 00:42:04,-3.1333,30.5833,60.91,90,100,1.05
441,Kieta,PG,2021-10-26 00:42:05,-6.2167,155.6333,84.45,73,33,5.5
442,Inhambane,MZ,2021-10-26 00:42:05,-23.865,35.3833,73.31,77,100,6.33
443,Lawigan,PH,2021-10-26 00:42:06,10.487,122.0354,83.82,72,100,10.33
444,Warrnambool,AU,2021-10-26 00:42:06,-38.3833,142.4833,58.8,49,46,4.56
445,Hun,LY,2021-10-26 00:42:07,29.1268,15.9477,70.14,30,0,6.04
446,Leopold,AU,2021-10-26 00:42:07,-38.1833,144.4667,64.98,61,40,10.36
447,Nantucket,US,2021-10-26 00:38:01,41.2835,-70.0995,66.09,91,100,15.39
448,Mehran,IR,2021-10-26 00:42:08,33.1222,46.1646,60.28,18,0,5.46
449,San Patricio,US,2021-10-26 00:42:08,28.017,-97.5169,83.08,73,85,10.6
450,Akdepe,TM,2021-10-26 00:42:09,42.0551,59.3788,46.4,29,100,6.42
451,Kilindoni,TZ,2021-10-26 00:42:09,-7.9139,39.6668,78.49,81,43,8.14
452,La Ronge,CA,2021-10-26 00:40:19,55.1001,-105.2842,43.05,65,90,20.71
453,Shurugwi,ZW,2021-10-26 00:42:10,-19.6702,30.0059,57.6,87,100,8.03
454,San Policarpo,PH,2021-10-26 00:42:11,12.1791,125.5072,84.24,71,100,10.74
455,Trat,TH,2021-10-26 00:42:11,12.5,102.5,82.98,80,100,7.72
456,Melenki,RU,2021-10-26 00:42:12,55.3343,41.6295,30.96,74,12,11.43
457,Laguna,US,2021-10-26 00:42:12,38.421,-121.4238,64.49,60,40,1.01
458,Kamennogorsk,RU,2021-10-26 00:42:13,60.9545,29.1339,45.41,92,100,9.51
459,Guozhen,CN,2021-10-26 00:42:13,34.3659,107.359,51.87,89,100,5.57
460,Sibolga,ID,2021-10-26 00:38:25,1.7427,98.7792,78.91,82,100,1.41
461,Aberdeen,GB,2021-10-26 00:42:14,57.1437,-2.0981,47.5,89,100,5.75
462,Vao,NC,2021-10-26 00:42:14,-22.6667,167.4833,72.09,74,0,14.29
463,Cururupu,BR,2021-10-26 00:39:37,-1.8283,-44.8683,77.45,84,32,4.12
464,Flinders,AU,2021-10-26 00:42:15,-34.5833,150.8552,70.81,58,32,4.0
465,Rawson,AR,2021-10-26 00:38:38,-43.3002,-65.1023,62.53,37,43,15.05
466,Tatawin,TN,2021-10-26 00:42:16,32.9297,10.4518,67.08,71,65,8.79
467,Ulaangom,MN,2021-10-26 00:42:17,49.9811,92.0667,30.42,72,13,1.9
468,Haines Junction,CA,2021-10-26 00:42:17,60.7522,-137.5108,30.15,69,100,0.0
469,Tezu,IN,2021-10-26 00:42:17,27.9167,96.1667,70.48,66,1,2.59
470,Port-Gentil,GA,2021-10-26 00:42:18,-0.7193,8.7815,75.88,90,100,5.37
471,Praxedis Guerrero,MX,2021-10-26 00:42:18,31.3667,-106.0167,85.59,20,0,4.81
472,Dingle,PH,2021-10-26 00:42:19,10.9995,122.6711,82.83,78,100,9.15
473,Punto Fijo,VE,2021-10-26 00:42:19,11.6956,-70.1996,81.63,78,6,23.8
474,Acarau,BR,2021-10-26 00:42:20,-2.8856,-40.12,79.88,74,5,16.28
475,Abu Kamal,SY,2021-10-26 00:42:20,34.4506,40.9171,68.04,28,100,6.33
476,Bandrele,YT,2021-10-26 00:42:21,-12.9067,45.1914,80.35,78,40,5.75
477,Bacolod,PH,2021-10-26 00:42:03,10.6667,122.95,83.5,76,100,9.6
478,Iisalmi,FI,2021-10-26 00:42:21,63.5592,27.1907,42.82,99,100,6.42
479,Ixtapa,MX,2021-10-26 00:42:22,20.7,-105.2,83.43,79,90,3.44
480,Kloulklubed,PW,2021-10-26 00:42:22,7.0419,134.2556,86.5,59,8,7.54
481,Amboise,FR,2021-10-26 00:40:00,47.4125,0.9827,52.34,96,90,4.61
482,Okha,RU,2021-10-26 00:42:23,53.5739,142.9478,44.06,68,16,5.14
483,Shelburne,CA,2021-10-26 00:42:23,44.0787,-80.2041,41.18,99,100,16.53
484,Sarangani,PH,2021-10-26 00:42:24,5.4033,125.4636,83.28,71,95,4.34
485,Ardakan,IR,2021-10-26 00:42:25,32.31,54.0175,57.58,25,0,1.19
486,Ilulissat,GL,2021-10-26 00:40:42,69.2167,-51.1,10.42,67,0,1.14
487,Kanye,BW,2021-10-26 00:42:25,-24.9667,25.3327,57.0,86,62,16.15
488,Anadyr,RU,2021-10-26 00:42:26,64.75,177.4833,3.7,78,20,15.66
489,Neya,RU,2021-10-26 00:42:26,58.2972,43.8681,34.95,89,100,12.39
490,Bonthe,SL,2021-10-26 00:42:27,7.5264,-12.505,77.79,87,100,5.88
491,Dongying,CN,2021-10-26 00:42:27,37.4564,118.4856,60.19,52,100,5.41
492,Nizhniy Tsasuchey,RU,2021-10-26 00:42:27,50.5167,115.1333,37.0,62,3,12.1
493,Dagumba-An,PH,2021-10-26 00:42:28,8.1531,124.5908,73.69,67,99,2.13
494,Tuatapere,NZ,2021-10-26 00:42:28,-46.1333,167.6833,60.46,80,98,4.72
495,Shyryayeve,UA,2021-10-26 00:42:29,47.3805,30.1964,36.84,70,4,6.29
496,Nenjiang,CN,2021-10-26 00:42:29,49.1833,125.2167,42.84,61,100,7.99
497,Viedma,AR,2021-10-26 00:42:14,-40.8135,-62.9967,53.06,69,26,13.47
498,Minudasht,IR,2021-10-26 00:42:30,37.2289,55.3747,56.77,82,90,0.0
499,Youkounkoun,GN,2021-10-26 00:42:30,12.5333,-13.1333,75.83,89,98,3.36
500,Beni Suef,EG,2021-10-26 00:42:31,29.0731,31.0979,66.09,73,0,10.51
501,Teya,RU,2021-10-26 00:42:32,60.3778,92.6267,23.83,93,72,2.68
502,Salinopolis,BR,2021-10-26 00:38:15,-0.6136,-47.3561,81.43,81,80,11.14
503,Tura,IN,2021-10-26 00:42:33,25.5198,90.2201,67.46,91,0,2.57
504,Bubaque,GW,2021-10-26 00:42:33,11.2833,-15.8333,82.29,74,100,4.61
505,Oranjestad,AW,2021-10-26 00:42:33,12.524,-70.027,82.35,74,20,17.27
506,Aklavik,CA,2021-10-26 00:42:34,68.2191,-135.0107,25.63,97,42,1.12
507,Beloha,MG,2021-10-26 00:42:34,-25.1667,45.05,70.9,93,14,7.07
508,Hualmay,PE,2021-10-26 00:42:35,-11.0964,-77.6139,62.83,84,52,8.03
509,Salina,US,2021-10-26 00:41:52,38.8403,-97.6114,52.84,80,1,1.01
510,Feijo,BR,2021-10-26 00:42:35,-8.1642,-70.3536,69.01,98,100,2.53
511,Petropavlovsk-Kamchatskiy,RU,2021-10-26 00:41:07,53.0452,158.6483,41.59,61,75,2.24
512,Vanavara,RU,2021-10-26 00:42:36,60.34,102.2797,32.09,94,100,14.14
513,Rocha,UY,2021-10-26 00:38:00,-34.4833,-54.3333,55.63,79,99,3.42
514,Chapais,CA,2021-10-26 00:42:37,49.7834,-74.8492,37.18,89,99,4.83
515,Balkanabat,TM,2021-10-26 00:42:37,39.5108,54.3671,56.73,64,100,5.23
516,Lasa,IT,2021-10-26 00:41:22,46.6166,10.7002,40.08,46,5,2.95
517,Aku,NG,2021-10-26 00:42:38,6.7081,7.3167,71.53,97,98,3.44
518,Raton,US,2021-10-26 00:42:38,36.9034,-104.4391,72.21,9,1,9.22
519,Baie-Comeau,CA,2021-10-26 00:42:39,49.2168,-68.1489,44.08,100,1,4.61
520,Namalenga,TZ,2021-10-26 00:42:39,-10.95,39.1,73.24,85,100,5.1
521,Port Blair,IN,2021-10-26 00:42:40,11.6667,92.75,81.68,80,100,7.63
522,Upington,ZA,2021-10-26 00:42:40,-28.4478,21.2561,64.78,55,0,0.0
523,Taitung,TW,2021-10-26 00:42:41,22.7583,121.1444,77.27,65,20,6.91
524,Bitlis,TR,2021-10-26 00:42:41,38.5,42.25,36.72,68,100,2.44
525,Nhulunbuy,AU,2021-10-26 00:42:42,-12.2333,136.7667,88.41,58,40,10.36
526,Pimentel,PE,2021-10-26 00:42:42,-6.8367,-79.9342,63.27,85,100,14.76
527,Carballo,ES,2021-10-26 00:42:43,43.213,-8.691,54.09,94,1,3.06
528,Xixiang,CN,2021-10-26 00:40:08,35.1628,112.865,62.76,61,100,5.19
529,Bejar,ES,2021-10-26 00:42:43,40.3864,-5.7634,49.59,70,0,5.39
530,Soverato,IT,2021-10-26 00:42:44,38.685,16.5499,62.55,94,100,14.99
531,Santa Maria,BR,2021-10-26 00:42:44,-29.6842,-53.8069,63.7,72,0,1.14
532,Nizwa,OM,2021-10-26 00:42:45,22.9333,57.5333,75.56,49,7,1.07
533,Baglung,NP,2021-10-26 00:42:45,28.2719,83.5898,55.2,70,0,6.44
534,Bud,US,2021-10-26 00:42:46,39.447,-86.1758,50.83,88,100,15.79
535,Vondrozo,MG,2021-10-26 00:42:46,-22.8167,47.2833,63.88,98,37,0.29
536,Toamasina,MG,2021-10-26 00:42:47,-18.1667,49.3833,71.6,94,40,2.3
537,Rabaul,PG,2021-10-26 00:42:47,-4.1967,152.1721,84.58,68,13,5.03
538,Hobyo,SO,2021-10-26 00:42:48,5.3505,48.5268,79.45,77,28,9.06
539,Turan,VN,2021-10-26 00:42:48,16.0678,108.2208,75.18,88,40,0.0
540,Otavi,NA,2021-10-26 00:42:48,-19.65,17.3333,67.53,18,8,1.97
541,Mingaora,PK,2021-10-26 00:42:49,34.7758,72.3625,53.85,52,0,5.86
542,Marathon,US,2021-10-26 00:42:49,44.9,-89.7668,44.31,74,1,4.61
543,Jaca,ES,2021-10-26 00:42:50,42.569,-0.5499,43.0,75,61,3.65
544,Resistencia,AR,2021-10-26 00:42:50,-27.4606,-58.9839,71.06,71,0,4.61
545,Dunbar,US,2021-10-26 00:42:51,38.3606,-81.7374,59.65,96,90,1.01
546,Nanpiao,CN,2021-10-26 00:42:52,41.0982,120.7479,58.87,38,59,12.8
547,Segou,ML,2021-10-26 00:42:52,13.4317,-6.2157,84.15,50,14,7.05
548,Mamallapuram,IN,2021-10-26 00:42:53,12.6264,80.1722,78.85,70,94,7.74
549,Georgiyevka,KZ,2021-10-26 00:42:53,43.0369,74.7114,33.84,86,0,2.24
550,Kruisfontein,ZA,2021-10-26 00:42:54,-34.0033,24.7314,60.89,95,39,5.08
551,Houma,US,2021-10-26 00:39:02,29.5958,-90.7195,81.0,79,65,3.58
552,Kuna,US,2021-10-26 00:42:55,43.4918,-116.4201,51.85,90,1,1.01
553,Baruun-Urt,MN,2021-10-26 00:42:55,46.6806,113.2792,34.56,64,0,6.4
554,Aberystwyth,GB,2021-10-26 00:42:56,52.4155,-4.0829,50.31,89,100,11.12
555,Riyadh,SA,2021-10-26 00:42:56,24.6877,46.7219,71.74,44,0,7.94
556,Petranka,UA,2021-10-26 00:42:57,48.9025,24.3035,37.51,57,3,3.11
557,Nyurba,RU,2021-10-26 00:40:37,63.2842,118.3319,31.33,91,100,7.65
558,Clyde River,CA,2021-10-26 00:42:57,70.4692,-68.5914,18.18,78,70,6.58
559,Heyang,CN,2021-10-26 00:42:58,26.1011,107.473,54.45,79,100,2.66
560,Miri,MY,2021-10-26 00:42:58,4.4148,114.0089,78.94,94,40,4.61
561,Kirakira,SB,2021-10-26 00:42:59,-10.4544,161.9205,86.95,64,6,11.74
562,Ketchikan,US,2021-10-26 00:42:59,55.3422,-131.6461,50.47,76,90,4.61
563,Garissa,KE,2021-10-26 00:43:00,-0.4536,39.6401,77.07,76,6,9.22
564,Taldan,RU,2021-10-26 00:43:00,53.6667,124.8,37.09,74,27,3.42
565,Alta Floresta,BR,2021-10-26 00:43:01,-9.8756,-56.0861,73.29,86,100,2.15
